leagueID,clubID,clubName,clubCode,country,founded,national,clubImageName,stadiumID,stadiumName,stadiumAddress,cityName,capacity,surface,stadiumImageName,latitude,longitude,firstColor,secondColor
61,79,Lille,LIL,France,1944,False,https://media-1.api-sports.io/football/teams/79.png,19207,Decathlon Arena – Stade Pierre-Mauroy,"261, Boulevard de Tournai, l'Hôtel de Ville",Villeneuve d'Ascq,50083,grass,https://media-1.api-sports.io/football/venues/19207.png,50.6308202,3.1344204,Red,Navy
61,80,Lyon,LYO,France,1950,False,https://media-3.api-sports.io/football/teams/80.png,666,Groupama Stadium,Chemin du Montout,Décines-Charpieu,61556,grass,https://media-3.api-sports.io/football/venues/666.png,45.7653624,4.9820543110736715,Blue,Red
61,81,Marseille,MAR,France,1899,False,https://media-1.api-sports.io/football/teams/81.png,12678,Stade Orange Vélodrome,"3, boulevard Michelet",Marseille,67394,grass,https://media-1.api-sports.io/football/venues/12678.png,43.26983495,5.395911664099216,Violet,Red
61,82,Montpellier,MON,France,1974,False,https://media-3.api-sports.io/football/teams/82.png,660,Stade de la Mosson,Avenue de Heidelberg,Montpellier,32939,grass,https://media-2.api-sports.io/football/venues/660.png,43.622021950000004,3.8120897617291134,Blue,Orange
61,83,Nantes,NAN,France,1943,False,https://media-1.api-sports.io/football/teams/83.png,662,Stade de la Beaujoire - Louis Fonteneau,"5, boulevard de la Beaujoire",Nantes,38285,grass,https://media-2.api-sports.io/football/venues/662.png,47.256004950000005,-1.524755249963072,Yellow,Green
61,84,Nice,NIC,France,1904,False,https://media-2.api-sports.io/football/teams/84.png,663,Allianz Riviera,Boulevard des Jardiniers,Nice,35624,grass,https://media-3.api-sports.io/football/venues/663.png,43.705147749999995,7.192603345064198,Gold,Black
61,85,Paris Saint Germain,PAR,France,1970,False,https://media-1.api-sports.io/football/teams/85.png,671,Parc des Princes,"24, rue du Commandant Guilbaud",Paris,47929,grass,https://media-3.api-sports.io/football/venues/671.png,48.841363400000006,2.2530693162378235,Blue,White
61,91,Monaco,MON,France,1919,False,https://media-2.api-sports.io/football/teams/91.png,659,Stade Louis II,"7, avenue des Castelans",Monaco,18523,grass,https://media-3.api-sports.io/football/venues/659.png,45.9952549,1.0403047,Red,Gold
61,93,Reims,REI,France,1909,False,https://media-3.api-sports.io/football/teams/93.png,674,Stade Auguste-Delaune II,"33, Chaussée Bocquaine",Reims,21684,grass,https://media-3.api-sports.io/football/venues/674.png,49.24707575,4.024786888254141,Red,White
61,94,Rennes,REN,France,1901,False,https://media-2.api-sports.io/football/teams/94.png,680,Roazhon Park,"111, route de Lorient",Rennes,31127,grass,https://media-2.api-sports.io/football/venues/680.png,48.10749405,-1.7128879913641657,White,White
61,95,Strasbourg,STR,France,1906,False,https://media-1.api-sports.io/football/teams/95.png,681,Stade de la Meinau,"12, rue de l'Extenwoerth",Strasbourg,26109,grass,https://media-2.api-sports.io/football/venues/681.png,48.5600477,7.755125193344087,Blue,Red
61,96,Toulouse,TOU,France,1937,False,https://media-3.api-sports.io/football/teams/96.png,682,Stadium de Toulouse,"1, allée Gabriel Biènés",Toulouse,33150,grass,https://media-1.api-sports.io/football/venues/682.png,43.5832262,1.4340637925204875,Violet,Red
61,97,Lorient,LOR,France,1926,False,https://media-1.api-sports.io/football/teams/97.png,656,Stade Yves Allainmat - Le Moustoir,"11, rue Jean Le Coutaller",Lorient,18970,artificial turf,https://media-1.api-sports.io/football/venues/656.png,47.748868599999994,-3.369303194596491,Orange,Black
61,99,Clermont Foot,CLE,France,1990,False,https://media-1.api-sports.io/football/teams/99.png,644,Stade Gabriel Montpied,Rue Adrien-Mabut,Clermont-Ferrand,13576,grass,https://media-1.api-sports.io/football/venues/644.png,45.81587745,3.1214995947222226,Red,Blue
61,106,Stade Brestois 29,BRE,France,1950,False,https://media-3.api-sports.io/football/teams/106.png,641,Stade Francis-Le Blé,"26, rue de Quimper",Brest,15931,grass,https://media-2.api-sports.io/football/venues/641.png,48.40304225,-4.461360468532405,Red,Black
61,111,LE Havre,HAV,France,1872,False,https://media-1.api-sports.io/football/teams/111.png,652,Stade Océane,Boulevard de Léningrad,Le Havre,25178,grass,https://media-1.api-sports.io/football/venues/652.png,49.498751299999995,0.16946374992792365,Sky,Navy
61,112,Metz,MET,France,1932,False,https://media-3.api-sports.io/football/teams/112.png,658,Stade Saint-Symphorien,"3, allée Saint-Symphorien",Longeville-lès-Metz,30000,grass,https://media-3.api-sports.io/football/venues/658.png,49.1097854,6.159489477003396,Red,White
61,116,Lens,LEN,France,1906,False,https://media-3.api-sports.io/football/teams/116.png,654,Stade Bollaert-Delelis,"83, rue Maurice-Carton",Lens,41233,grass,https://media-1.api-sports.io/football/venues/654.png,50.43281,2.814987838461538,Red,Yellow
144,260,OH Leuven,LEU,Belgium,1957,False,https://media-1.api-sports.io/football/teams/260.png,186,King Power at Den Dreef Stadion,Kardinaal Mercierlaan 46,Heverlee,12500,grass,https://media-1.api-sports.io/football/venues/186.png,50.8596468,4.7151342,White,White
144,261,KVC Westerlo,WES,Belgium,1933,False,https://media-3.api-sports.io/football/teams/261.png,195,Het Kuipje,De Merodedreef 189,Westerlo,8035,grass,https://media-1.api-sports.io/football/venues/195.png,51.094125950000006,4.927851590108522,White,White
144,266,KV Mechelen,MEC,Belgium,1904,False,https://media-3.api-sports.io/football/teams/266.png,185,AFAS-stadion Achter de Kazerne,Kleine Nieuwedijk 53,Malines,16715,grass,https://media-3.api-sports.io/football/venues/185.png,51.0371829,4.4863913,Red,Yellow
144,554,Anderlecht,AND,Belgium,1908,False,https://media-1.api-sports.io/football/teams/554.png,174,Lotto Park,Avenue Théo Verbeeck 2,Brussel,28063,grass,https://media-1.api-sports.io/football/venues/174.png,50.83402025,4.297854682083333,Purple,White
144,569,Club Brugge KV,CLU,Belgium,1891,False,https://media-2.api-sports.io/football/teams/569.png,176,Jan Breydelstadion,Olympialaan 74,Brugge,29062,grass,https://media-3.api-sports.io/football/venues/176.png,51.1933461,3.1805852942406156,Blue,Black
144,631,Gent,GEN,Belgium,1900,False,https://media-3.api-sports.io/football/teams/631.png,19773,Ghelamco Arena,Ottergemsesteenweg-Zuid 808,Gent,20000,grass,https://media-3.api-sports.io/football/venues/19773.png,51.01607545,3.7325262840243267,Blue,White
144,733,Standard Liege,STA,Belgium,1898,False,https://media-3.api-sports.io/football/teams/733.png,192,Stade Maurice Dufrasne,"Rue de la Centrale 2, Sclessin",Luik,27670,grass,https://media-1.api-sports.io/football/venues/192.png,50.60987525,5.543513093227944,Red,Gold
144,734,Kortrijk,KOR,Belgium,1901,False,https://media-3.api-sports.io/football/teams/734.png,182,Guldensporenstadion,"Meensesteenweg 84a / Moorseelsestraat 111b, Heule",Kortrijk,9399,grass,https://media-3.api-sports.io/football/venues/182.png,50.83025685,3.2490862424249007,Red,White
144,735,St. Truiden,TRU,Belgium,1924,False,https://media-3.api-sports.io/football/teams/735.png,19611,Daio Wasabi Stayen Stadium,Tiensesteenweg 168,St.-Trond,14600,artificial turf,https://media-3.api-sports.io/football/venues/19611.png,50.82694775,5.203424911603399,White,White
144,736,Charleroi,CHA,Belgium,1904,False,https://media-2.api-sports.io/football/teams/736.png,177,Stade du Pays de Charleroi,Boulevard Zoé Drion 19,Charleroi,18000,grass,https://media-3.api-sports.io/football/venues/177.png,50.4146091,4.453734529500544,Black,White
144,739,AS Eupen,EUP,Belgium,1945,False,https://media-2.api-sports.io/football/teams/739.png,178,Stadion am Kehrweg,Kehrweg 14,Eupen,8363,grass,https://media-3.api-sports.io/football/venues/178.png,50.628753950000004,6.033609407385729,Purple,White
144,740,Antwerp,ANT,Belgium,1880,False,https://media-3.api-sports.io/football/teams/740.png,175,Bosuilstadion,Oude Bosuilbaan 54a,Deurne,23057,grass,https://media-1.api-sports.io/football/venues/175.png,51.2322753,4.472180622893253,Red,White
144,741,Cercle Brugge,CER,Belgium,1899,False,https://media-1.api-sports.io/football/teams/741.png,176,Jan Breydelstadion,Olympialaan 74,Brugge,29062,grass,https://media-3.api-sports.io/football/venues/176.png,51.1933461,3.1805852942406156,Green,White
144,742,Genk,GEN,Belgium,1988,False,https://media-3.api-sports.io/football/teams/742.png,12455,Cegeka Arena,"Stadionplein 4, Waterschei",Genk,24956,grass,https://media-3.api-sports.io/football/venues/12455.png,51.0049563,5.534188115172261,Blue,White
144,1393,Union St. Gilloise,GIL,Belgium,1897,False,https://media-2.api-sports.io/football/teams/1393.png,194,Stade Joseph Mariën,"Chaussée de Bruxelles 223, Forest",Brussels,9400,grass,https://media-3.api-sports.io/football/venues/194.png,50.8179295,4.32950778689843,White,White
144,6224,RWDM,NOTFOUND,Belgium,2015,False,https://media-1.api-sports.io/football/teams/6224.png,19385,Edmond Machtensstadion,"61, rue Charles Malis, Molenbeek-Saint-Jean",Bruxelles,15266,grass,https://media-2.api-sports.io/football/venues/19385.png,50.85507135,4.310498497359154,White,White
71,118,Bahia,BAH,Brazil,1931,False,https://media-3.api-sports.io/football/teams/118.png,216,Arena Fonte Nova,"Rua Lions Club, Nazaré","Salvador, Bahia",56500,grass,https://media-1.api-sports.io/football/venues/216.png,-12.97889395,-38.504909953039515,Blue,Red
71,119,Internacional,INT,Brazil,1909,False,https://media-2.api-sports.io/football/teams/119.png,244,Estádio José Pinheiro Borda,"Avenida Padre Cacique 891, Bairro Menino Deus","Porto Alegre, Rio Grande do Sul",50128,grass,https://media-2.api-sports.io/football/venues/244.png,-30.0654898,-51.23491778159686,Red,White
71,120,Botafogo,BOT,Brazil,1904,False,https://media-3.api-sports.io/football/teams/120.png,218,Estádio Nilton Santos,"Rua Arquias Cordeiro, Engenho de Dentro",Rio de Janeiro,46931,grass,https://media-3.api-sports.io/football/venues/218.png,-22.893194,-43.29357999319671,Black,White
71,121,Palmeiras,PAL,Brazil,1914,False,https://media-2.api-sports.io/football/teams/121.png,258,Allianz Parque,"Rua Turiaçu 1840, Perdizes","São Paulo, São Paulo",43713,grass,https://media-2.api-sports.io/football/venues/258.png,-23.52749715,-46.67852807811731,Green,White
71,124,Fluminense,FLU,Brazil,1902,False,https://media-2.api-sports.io/football/teams/124.png,204,Estadio Jornalista Mário Filho (Maracanã),"Rua Professor Eurico Rabelo, Maracanã","Rio de Janeiro, Rio de Janeiro",78838,grass,https://media-2.api-sports.io/football/venues/204.png,-22.912161949999998,-43.23117510590559,Red,Green
71,125,America Mineiro,AME,Brazil,1912,False,https://media-2.api-sports.io/football/teams/125.png,206,Estádio Raimundo Sampaio,"Avenida Ismênia Tunes, Bairro Horto","Belo Horizonte, Minas Gerais",23018,grass,https://media-2.api-sports.io/football/venues/206.png,-19.9083526,-43.91777797482525,White,White
71,126,Sao Paulo,PAU,Brazil,1930,False,https://media-2.api-sports.io/football/teams/126.png,269,Estádio Cícero Pompeu de Toledo (Morumbi),"Praca Roberto Gomes Pedrosa 1, Morumbi","São Paulo, São Paulo",66795,grass,https://media-3.api-sports.io/football/venues/269.png,-23.60005845,-46.720158347269496,Red,Black
71,127,Flamengo,FLA,Brazil,1895,False,https://media-1.api-sports.io/football/teams/127.png,204,Estadio Jornalista Mário Filho (Maracanã),"Rua Professor Eurico Rabelo, Maracanã","Rio de Janeiro, Rio de Janeiro",78838,grass,https://media-2.api-sports.io/football/venues/204.png,-22.912161949999998,-43.23117510590559,Red,Black
71,128,Santos,SAN,Brazil,1912,False,https://media-1.api-sports.io/football/teams/128.png,10494,Estádio Urbano Caldeira,"Rue Princesa Isabel 77, Vila Belmiro","Santos, São Paulo",21256,grass,https://media-2.api-sports.io/football/venues/10494.png,-23.951115700000003,-46.338991283434986,Black,White
71,130,Gremio,GRE,Brazil,1903,False,https://media-1.api-sports.io/football/teams/130.png,241,Arena do Grêmio,Bairro Humaitá,"Porto Alegre, Rio Grande do Sul",60540,grass,https://media-1.api-sports.io/football/venues/241.png,-29.974042949999998,-51.195107349371696,Blue,Black
71,131,Corinthians,COR,Brazil,1910,False,https://media-2.api-sports.io/football/teams/131.png,11531,Neo Química Arena,"Avenida Miguel Inácio Curi, 111, Vila Carmosina, Itaquera","São Paulo, São Paulo",49205,grass,https://media-1.api-sports.io/football/venues/11531.png,-23.5452934,-46.474286436433154,Red,Black
71,133,Vasco DA Gama,VAS,Brazil,1898,False,https://media-3.api-sports.io/football/teams/133.png,19377,Estádio São Januário,"Rua Gal Almério de Moura 131, Bairro Vasco da Gama","Rio de Janeiro, Rio de Janeiro",24584,grass,https://media-2.api-sports.io/football/venues/19377.png,-22.890752,-43.22831183219895,Black,White
71,134,Atletico Paranaense,ATL,Brazil,1924,False,https://media-3.api-sports.io/football/teams/134.png,10493,Arena da Baixada,"Rua Buenos Aires 1260, Água Verde","Curitiba, Paraná",43981,grass,https://media-2.api-sports.io/football/venues/10493.png,-25.4483872,-49.276216550221854,Black,White
71,135,Cruzeiro,CRU,Brazil,1921,False,https://media-2.api-sports.io/football/teams/135.png,234,Estádio Governador Magalhães Pinto,"Avenida Antonio Abrahão Carã 1001, Pampulhas","Belo Horizonte, Minas Gerais",62170,grass,https://media-2.api-sports.io/football/venues/234.png,-19.865911500000003,-43.971043404332164,Blue,Gold
71,147,Coritiba,COR,Brazil,1909,False,https://media-2.api-sports.io/football/teams/147.png,230,Estádio Major Antônio Couto Pereira,"Rua Ubaldino do Amaral 37, Bairro Alto da Glória","Curitiba, Paraná",45563,grass,https://media-3.api-sports.io/football/venues/230.png,-25.421437599999997,-49.25975668262751,White,White
71,151,Goias,GOI,Brazil,1943,False,https://media-3.api-sports.io/football/teams/151.png,240,Estádio de Hailé Pinheiro,"Avenida Edmundo Pinheiro de Abreu 721, Setor Bela Vista","Goiânia, Goiás",14525,grass,https://media-3.api-sports.io/football/venues/240.png,-16.7112185,-49.261170530961806,Green,White
71,154,Fortaleza EC,FOR,Brazil,1918,False,https://media-1.api-sports.io/football/teams/154.png,225,Estádio Governador Plácido Aderaldo Castelo,"Avenida Alberto Craveiro, Passaré","Fortaleza, Ceará",63903,grass,https://media-1.api-sports.io/football/venues/225.png,0.0,0.0,Blue,Red
71,794,RB Bragantino,BRA,Brazil,1928,False,https://media-2.api-sports.io/football/teams/794.png,220,Estádio Nabi Abi Chedid,Rua Emílio Coleta,"Bragança Paulista, São Paulo",17128,grass,https://media-1.api-sports.io/football/venues/220.png,-22.96539645,-46.5368198581625,White,White
71,1062,Atletico-MG,ATL,Brazil,1908,False,https://media-1.api-sports.io/football/teams/1062.png,206,Estádio Raimundo Sampaio,"Avenida Ismênia Tunes, Bairro Horto","Belo Horizonte, Minas Gerais",23018,grass,https://media-2.api-sports.io/football/venues/206.png,-19.9083526,-43.91777797482525,White,White
71,1193,Cuiaba,CUI,Brazil,2001,False,https://media-3.api-sports.io/football/teams/1193.png,235,Arena Pantanal,NOTFOUND,"Cuiabá, Mato Grosso",44003,grass,https://media-1.api-sports.io/football/venues/235.png,-15.604064900000001,-56.12229888998701,White,White
39,33,Manchester United,MUN,England,1878,False,https://media-3.api-sports.io/football/teams/33.png,556,Old Trafford,Sir Matt Busby Way,Manchester,76212,grass,https://media-1.api-sports.io/football/venues/556.png,53.46310955,-2.2913864850545362,Red,Gold
39,34,Newcastle,NEW,England,1892,False,https://media-2.api-sports.io/football/teams/34.png,562,St. James' Park,St. James' Street,Newcastle upon Tyne,52758,grass,https://media-3.api-sports.io/football/venues/562.png,54.9754693,-1.621873666214279,Blue,Red
39,35,Bournemouth,BOU,England,1899,False,https://media-2.api-sports.io/football/teams/35.png,504,Vitality Stadium,"Dean Court, Kings Park","Bournemouth, Dorset",12000,grass,https://media-3.api-sports.io/football/venues/504.png,50.73518145,-1.8383279465003122,Red,Gold
39,36,Fulham,FUL,England,1879,False,https://media-2.api-sports.io/football/teams/36.png,535,Craven Cottage,Stevenage Road,London,25700,grass,https://media-1.api-sports.io/football/venues/535.png,51.4749491,-0.22179448481912376,White,White
39,39,Wolves,WOL,England,1877,False,https://media-1.api-sports.io/football/teams/39.png,600,Molineux Stadium,Waterloo Road,"Wolverhampton, West Midlands",34624,grass,https://media-2.api-sports.io/football/venues/600.png,52.590272299999995,-2.130407903777414,Black,Red
39,40,Liverpool,LIV,England,1892,False,https://media-3.api-sports.io/football/teams/40.png,550,Anfield,Anfield Road,Liverpool,55212,grass,https://media-2.api-sports.io/football/venues/550.png,53.432468,-2.9545427,Blue,Black
39,42,Arsenal,ARS,England,1886,False,https://media-1.api-sports.io/football/teams/42.png,494,Emirates Stadium,Queensland Road,London,60383,grass,https://media-2.api-sports.io/football/venues/494.png,51.55504035,-0.1083996708672374,Blue,Red
39,44,Burnley,BUR,England,1882,False,https://media-3.api-sports.io/football/teams/44.png,512,Turf Moor,Harry Potts Way,Burnley,22546,grass,https://media-3.api-sports.io/football/venues/512.png,53.78934975,-2.229905784614869,Blue,Yellow
39,45,Everton,EVE,England,1878,False,https://media-2.api-sports.io/football/teams/45.png,8560,Goodison Park,Goodison Road,Liverpool,40569,grass,https://media-3.api-sports.io/football/venues/8560.png,53.4387191,-2.9664539939087415,Blue,White
39,47,Tottenham,TOT,England,1882,False,https://media-2.api-sports.io/football/teams/47.png,593,Tottenham Hotspur Stadium,"Bill Nicholson Way, 748 High Road",London,62850,grass,https://media-3.api-sports.io/football/venues/593.png,51.6041916,-0.06623490525918088,Red,Gold
39,48,West Ham,WES,England,1895,False,https://media-2.api-sports.io/football/teams/48.png,598,London Stadium,"Marshgate Lane, Stratford",London,62500,grass,https://media-2.api-sports.io/football/venues/598.png,51.53862065,-0.016623759002470637,Maroon,Blue
39,49,Chelsea,CHE,England,1905,False,https://media-1.api-sports.io/football/teams/49.png,519,Stamford Bridge,Fulham Road,London,41841,grass,https://media-3.api-sports.io/football/venues/519.png,51.481686499999995,-0.19103517666346065,Blue,Gold
39,50,Manchester City,MAC,England,1880,False,https://media-2.api-sports.io/football/teams/50.png,555,Etihad Stadium,Rowsley Street,Manchester,55097,grass,https://media-1.api-sports.io/football/venues/555.png,53.48309105,-2.2002520023433307,Blue,Gold
39,51,Brighton,BRI,England,1901,False,https://media-1.api-sports.io/football/teams/51.png,508,The American Express Community Stadium,Village Way,"Falmer, East Sussex",31800,grass,https://media-2.api-sports.io/football/venues/508.png,50.86154985,-0.08486804679264488,Blue,Yellow
39,52,Crystal Palace,CRY,England,1905,False,https://media-3.api-sports.io/football/teams/52.png,525,Selhurst Park,Holmesdale Road,London,26309,grass,https://media-1.api-sports.io/football/venues/525.png,51.39824295,-0.085255058181276,Blue,Red
39,55,Brentford,BRE,England,1889,False,https://media-2.api-sports.io/football/teams/55.png,10503,Gtech Community Stadium,"166 Lionel Rd N, Brentford","Brentford, Middlesex",17250,grass,https://media-1.api-sports.io/football/venues/10503.png,51.49071295,-0.2889802136183117,White,White
39,62,Sheffield Utd,SHE,England,1889,False,https://media-1.api-sports.io/football/teams/62.png,581,Bramall Lane,Bramall Lane,Sheffield,32702,grass,https://media-2.api-sports.io/football/venues/581.png,53.3703478,-1.469697240895162,White,White
39,65,Nottingham Forest,NOT,England,1865,False,https://media-2.api-sports.io/football/teams/65.png,566,The City Ground,Pavilion Road,"Nottingham, Nottinghamshire",30576,grass,https://media-1.api-sports.io/football/venues/566.png,52.93993865,-1.1328954461216225,White,White
39,66,Aston Villa,AST,England,1874,False,https://media-1.api-sports.io/football/teams/66.png,495,Villa Park,Trinity Road,Birmingham,42788,grass,https://media-3.api-sports.io/football/venues/495.png,52.5091264,-1.8850354312212985,Claret,Blue
39,1359,Luton,LUT,England,1885,False,https://media-2.api-sports.io/football/teams/1359.png,551,Kenilworth Road,1 Maple Road,"Luton, Bedfordshire",10226,grass,https://media-3.api-sports.io/football/venues/551.png,51.5082521,-0.3000583,White,White
78,157,Bayern Munich,BAY,Germany,1900,False,https://media-3.api-sports.io/football/teams/157.png,700,Allianz Arena,Werner-Heisenberg-Allee 25,München,75000,grass,https://media-3.api-sports.io/football/venues/700.png,48.21880845,11.624664151799873,Blue,Red
78,160,SC Freiburg,FRE,Germany,1904,False,https://media-2.api-sports.io/football/teams/160.png,12717,Europa-Park Stadion,Achim-Stocker-Straße 1,Freiburg im Breisgau,34700,grass,https://media-3.api-sports.io/football/venues/12717.png,48.021377799999996,7.829817903506997,White,Black
78,161,VfL Wolfsburg,WOL,Germany,1945,False,https://media-1.api-sports.io/football/teams/161.png,752,VOLKSWAGEN ARENA,In den Allerwiesen 1,Wolfsburg,30000,grass,https://media-3.api-sports.io/football/venues/752.png,52.432817099999994,10.804675319213889,Green,White
78,162,Werder Bremen,WER,Germany,1899,False,https://media-3.api-sports.io/football/teams/162.png,755,wohninvest WESERSTADION,Franz-Böhmert-Straße 1c,Bremen,42358,grass,https://media-2.api-sports.io/football/venues/755.png,53.06644785,8.83767181513466,Green,White
78,163,Borussia Monchengladbach,MOE,Germany,1900,False,https://media-3.api-sports.io/football/teams/163.png,703,Stadion im BORUSSIA-PARK,Hennes-Weisweiler-Allee 1,Mönchengladbach,54057,grass,https://media-2.api-sports.io/football/venues/703.png,51.174624949999995,6.385409367871812,White,Black
78,164,FSV Mainz 05,MAI,Germany,1905,False,https://media-1.api-sports.io/football/teams/164.png,11899,MEWA ARENA,Eugen-Salomon-Straße 1,Mainz,34034,grass,https://media-3.api-sports.io/football/venues/11899.png,49.98394655,8.225562843429925,Red,White
78,165,Borussia Dortmund,DOR,Germany,1909,False,https://media-1.api-sports.io/football/teams/165.png,19381,SIGNAL IDUNA PARK,Strobelalle 50,Dortmund,81365,grass,https://media-3.api-sports.io/football/venues/19381.png,51.49260955,7.450861988386729,Yellow,Black
78,167,1899 Hoffenheim,HOF,Germany,1899,False,https://media-3.api-sports.io/football/teams/167.png,724,PreZero Arena,Dietmar-Hopp-Straße 1,Sinsheim,30164,grass,https://media-2.api-sports.io/football/venues/724.png,49.23806035,8.887641414843747,Blue,White
78,168,Bayer Leverkusen,BAY,Germany,1904,False,https://media-3.api-sports.io/football/teams/168.png,699,BayArena,Bismarckstr. 122-124,Leverkusen,30210,grass,https://media-1.api-sports.io/football/venues/699.png,51.0381439,7.003096412334891,Red,Yellow
78,169,Eintracht Frankfurt,EIN,Germany,1899,False,https://media-2.api-sports.io/football/teams/169.png,10491,Deutsche Bank Park,Mörfelder Landstr. 362,Frankfurt am Main,52300,grass,https://media-2.api-sports.io/football/venues/10491.png,50.06859935,8.645462952099116,Red,White
78,170,FC Augsburg,AUG,Germany,1907,False,https://media-1.api-sports.io/football/teams/170.png,698,WWK Arena,Bürgermeister Ulrich-Straße 90,Augsburg,30662,grass,https://media-3.api-sports.io/football/venues/698.png,48.3231179,10.885159340550722,Red,Green
78,172,VfB Stuttgart,STU,Germany,1893,False,https://media-1.api-sports.io/football/teams/172.png,19928,MHP Arena,Mercedesstrasse 87,Stuttgart,60469,grass,https://media-1.api-sports.io/football/venues/19928.png,48.8911701,9.18242015717697,White,White
78,173,RB Leipzig,LEI,Germany,2009,False,https://media-2.api-sports.io/football/teams/173.png,738,Red Bull Arena,Am Sportforum 3,Leipzig,47069,grass,https://media-3.api-sports.io/football/venues/738.png,51.34579105,12.34825492263645,Red,Navy
78,176,VfL BOCHUM,BOC,Germany,1848,False,https://media-3.api-sports.io/football/teams/176.png,751,Vonovia Ruhrstadion,Castropher Straße 145,Bochum,30748,grass,https://media-2.api-sports.io/football/venues/751.png,51.4900826,7.236509134925111,White,White
78,180,FC Heidenheim,HEI,Germany,1946,False,https://media-3.api-sports.io/football/teams/180.png,723,Voith-Arena,Schloßhaustraße 160,Heidenheim an der Brenz,15000,grass,https://media-3.api-sports.io/football/venues/723.png,48.668524500000004,10.139296318916223,White,White
78,181,SV Darmstadt 98,DAR,Germany,1898,False,https://media-3.api-sports.io/football/teams/181.png,705,Merck-Stadion am Böllenfalltor,Nieder-Ramstädter Straße 170,Darmstadt,17650,grass,https://media-2.api-sports.io/football/venues/705.png,49.8577022,8.6723612,White,White
78,182,Union Berlin,UNI,Germany,1966,False,https://media-2.api-sports.io/football/teams/182.png,748,Stadion An der Alten Försterei,"Hämmerlingstraße 80-88, Köpenick",Berlin,22467,grass,https://media-1.api-sports.io/football/venues/748.png,52.45695055,13.568099573022703,Red,Yellow
78,192,FC Koln,KOL,Germany,1948,False,https://media-1.api-sports.io/football/teams/192.png,731,RheinEnergieStadion,Aachener Str. 999,Köln,50076,grass,https://media-3.api-sports.io/football/venues/731.png,50.933505499999995,6.876025544484957,Red,Black
135,487,Lazio,LAZ,Italy,1900,False,https://media-2.api-sports.io/football/teams/487.png,910,Stadio Olimpico,"Viale dei Gladiatori, 2 / Via del Foro Italico",Roma,68530,grass,https://media-3.api-sports.io/football/venues/910.png,41.93395205,12.45472307452724,Blue,Gold
135,488,Sassuolo,SAS,Italy,1922,False,https://media-3.api-sports.io/football/teams/488.png,935,MAPEI Stadium - Città del Tricolore,"Piazza Azzuri d'Italia, 1",Reggio nell'Emilia,23717,grass,https://media-2.api-sports.io/football/venues/935.png,44.7145456,10.649730766127732,Green,Silver
135,489,AC Milan,MIL,Italy,1899,False,https://media-2.api-sports.io/football/teams/489.png,907,Stadio Giuseppe Meazza,Via Piccolomini 5,Milano,80018,grass,https://media-3.api-sports.io/football/venues/907.png,45.478200349999995,9.123963993342393,Red,Black
135,490,Cagliari,CAG,Italy,1920,False,https://media-2.api-sports.io/football/teams/490.png,12275,Unipol Domus,Via Raimondo Carta Raspi,Cagliari,16416,grass,https://media-1.api-sports.io/football/venues/12275.png,39.2169525,9.1128513,Navy,Blue
135,492,Napoli,NAP,Italy,1904,False,https://media-2.api-sports.io/football/teams/492.png,11904,Stadio Diego Armando Maradona,Pizzale Vincenzo Tecchio,Napoli,60240,grass,https://media-3.api-sports.io/football/venues/11904.png,40.82797725,14.192888963935296,Red,Black
135,494,Udinese,UDI,Italy,1896,False,https://media-1.api-sports.io/football/teams/494.png,928,Dacia Arena,"Piazza le Repubblica Argentina, 3",Udine,25952,grass,https://media-1.api-sports.io/football/venues/928.png,46.08140625,13.199708244070248,Gold,Silver
135,495,Genoa,GEN,Italy,1893,False,https://media-3.api-sports.io/football/teams/495.png,905,Stadio Comunale Luigi Ferraris,"Via Giovanni De Prà, 1",Genova,36703,grass,https://media-2.api-sports.io/football/venues/905.png,44.416475250000005,8.95253414653515,Navy,Blue
135,496,Juventus,JUV,Italy,1897,False,https://media-1.api-sports.io/football/teams/496.png,909,Allianz Stadium,Strada Comunale di Altessano 131,Torino,45666,grass,https://media-2.api-sports.io/football/venues/909.png,45.10965935,7.641221324343471,Black,Red
135,497,AS Roma,ROM,Italy,1927,False,https://media-3.api-sports.io/football/teams/497.png,910,Stadio Olimpico,"Viale dei Gladiatori, 2 / Via del Foro Italico",Roma,68530,grass,https://media-3.api-sports.io/football/venues/910.png,41.93395205,12.45472307452724,Red,Yellow
135,499,Atalanta,ATA,Italy,1907,False,https://media-1.api-sports.io/football/teams/499.png,879,Gewiss Stadium,Viale Giulio Cesare 18,Bergamo,21300,grass,https://media-2.api-sports.io/football/venues/879.png,45.70931025,9.680889057662974,Blue,Black
135,500,Bologna,BOL,Italy,1909,False,https://media-3.api-sports.io/football/teams/500.png,881,Stadio Renato Dall'Ara,"Via Andrea Costa, 174",Bologna,39279,grass,https://media-1.api-sports.io/football/venues/881.png,44.492362,11.309990462343109,Navy,Blue
135,502,Fiorentina,FIO,Italy,1926,False,https://media-1.api-sports.io/football/teams/502.png,902,Stadio Artemio Franchi,Viale Manfredo Fanti 14,Firenze,43147,grass,https://media-1.api-sports.io/football/venues/902.png,43.78088375,11.282819064944935,Violet,Red
135,503,Torino,TOR,Italy,1906,False,https://media-2.api-sports.io/football/teams/503.png,943,Stadio Olimpico Grande Torino,"Corso Sebastopoli 123, Santa Rita",Torino,27958,grass,https://media-1.api-sports.io/football/venues/943.png,45.0417439,7.649203697915731,Red,Gold
135,504,Verona,VER,Italy,1903,False,https://media-3.api-sports.io/football/teams/504.png,890,Stadio Marc'Antonio Bentegodi,Piazzale Olimpia,Verona,39211,grass,https://media-3.api-sports.io/football/venues/890.png,45.43533275,10.96743481715367,Blue,Gold
135,505,Inter,INT,Italy,1908,False,https://media-1.api-sports.io/football/teams/505.png,907,Stadio Giuseppe Meazza,Via Piccolomini 5,Milano,80018,grass,https://media-3.api-sports.io/football/venues/907.png,45.478200349999995,9.123963993342393,Black,Blue
135,511,Empoli,EMP,Italy,1920,False,https://media-2.api-sports.io/football/teams/511.png,896,Stadio Carlo Castellani,Viale delle Olimpiadi,Empoli,16284,grass,https://media-2.api-sports.io/football/venues/896.png,43.7265476,10.954727353155029,White,White
135,512,Frosinone,FRO,Italy,1928,False,https://media-1.api-sports.io/football/teams/512.png,904,Stadio Benito Stirpe,Viale Olimpia,Frosinone,16310,grass,https://media-3.api-sports.io/football/venues/904.png,41.634076750000006,13.3219126915779,White,White
135,514,Salernitana,SAL,Italy,2011,False,https://media-2.api-sports.io/football/teams/514.png,933,Stadio Arechi,Via Salvador Allende,Salerno,37245,grass,https://media-3.api-sports.io/football/venues/933.png,40.6455616,14.823589805619747,White,White
135,867,Lecce,LEC,Italy,1908,False,https://media-1.api-sports.io/football/teams/867.png,911,Stadio Comunale Via del Mare,Viale dello Stadio,Lecce,33876,grass,https://media-2.api-sports.io/football/venues/911.png,40.3570373,18.1718482,Blue,Gold
135,1579,Monza,MON,Italy,1912,False,https://media-3.api-sports.io/football/teams/1579.png,12086,U-Power Stadium,Via Franco Tognini,Monza,18568,grass,https://media-2.api-sports.io/football/venues/12086.png,45.5834418,9.2735257,White,White
88,193,PEC Zwolle,ZWO,Netherlands,1910,False,https://media-3.api-sports.io/football/teams/193.png,1160,MAC³PARK Stadion,Stadionplein 1,Zwolle,14000,artificial turf,https://media-3.api-sports.io/football/venues/1160.png,52.5169115,6.121803981825421,Blue,Red
88,194,Ajax,AJA,Netherlands,1900,False,https://media-3.api-sports.io/football/teams/194.png,1117,Johan Cruijff Arena,ArenA Boulevard 1,Amsterdam,54990,grass,https://media-2.api-sports.io/football/venues/1117.png,52.314353049999994,4.942843089053988,Red,White
88,196,Excelsior,EXC,Netherlands,1902,False,https://media-1.api-sports.io/football/teams/196.png,2901,Van Donge & De Roo Stadion,Honingerdijk 110,Rotterdam,4500,artificial turf,https://media-3.api-sports.io/football/venues/2901.png,51.917002600000004,4.5204535040325915,White,White
88,197,PSV Eindhoven,PSV,Netherlands,1913,False,https://media-1.api-sports.io/football/teams/197.png,1143,Philips Stadion,Frederiklaan 10,Eindhoven,36500,grass,https://media-2.api-sports.io/football/venues/1143.png,51.44172105,5.466189209912348,Red,Gold
88,200,Vitesse,VIT,Netherlands,1892,False,https://media-2.api-sports.io/football/teams/200.png,1155,GelreDome,Batavierenweg 25,Arnhem,25500,grass,https://media-3.api-sports.io/football/venues/1155.png,51.96265475,5.891837806982878,Gold,White
88,201,AZ Alkmaar,ALK,Netherlands,1967,False,https://media-1.api-sports.io/football/teams/201.png,1119,AFAS Stadion,Stadionweg 1,Alkmaar,19500,grass,https://media-1.api-sports.io/football/venues/1119.png,52.6127448,4.742038468564357,Red,White
88,205,Fortuna Sittard,SIT,Netherlands,1968,False,https://media-1.api-sports.io/football/teams/205.png,1129,Fortuna Sittard Stadion,Milaanstraat 120,Sittard,12500,grass,https://media-3.api-sports.io/football/venues/1129.png,50.991989649999994,5.84361075703813,Green,Yellow
88,206,Heracles,HER,Netherlands,1903,False,https://media-1.api-sports.io/football/teams/206.png,11906,Erve Asito,Van Riemsdijkplein 1,Almelo,13500,artificial turf,https://media-1.api-sports.io/football/venues/11906.png,52.33883295,6.650828911919621,White,Black
88,207,Utrecht,UTR,Netherlands,1970,False,https://media-3.api-sports.io/football/teams/207.png,1154,Stadion Galgenwaard,Herculesplein 241,Utrecht,23750,grass,https://media-2.api-sports.io/football/venues/1154.png,52.07835595,5.147063677448633,Red,White
88,209,Feyenoord,FEY,Netherlands,1908,False,https://media-3.api-sports.io/football/teams/209.png,1128,Stadion Feijenoord,Van Zandvlietplein 1,Rotterdam,51117,grass,https://media-3.api-sports.io/football/venues/1128.png,51.8938646,4.523228129966229,Red,Gold
88,210,Heerenveen,HEE,Netherlands,1920,False,https://media-3.api-sports.io/football/teams/210.png,1132,Abe Lenstra Stadion,Abe Lenstra boulevard 19,Heerenveen,27224,grass,https://media-2.api-sports.io/football/venues/1132.png,52.9583044,5.9352256,Red,Blue
88,410,GO Ahead Eagles,EAG,Netherlands,1971,False,https://media-3.api-sports.io/football/teams/410.png,1130,De Adelaarshorst,Vetkampstraat 1,Deventer,10400,grass,https://media-1.api-sports.io/football/venues/1130.png,52.2603992,6.172634395853057,White,White
88,413,NEC Nijmegen,NIJ,Netherlands,1900,False,https://media-2.api-sports.io/football/teams/413.png,1140,Goffertstadion,Stadionplein 1,Nijmegen,12501,grass,https://media-3.api-sports.io/football/venues/1140.png,51.82248475,5.8371565043141596,White,White
88,415,Twente,TWE,Netherlands,1965,False,https://media-1.api-sports.io/football/teams/415.png,1153,De Grolsch Veste,Colosseum 65,Enschede,30205,grass,https://media-1.api-sports.io/football/venues/1153.png,52.23644315,6.836773665471841,Red,White
88,416,FC Volendam,VOL,Netherlands,1920,False,https://media-1.api-sports.io/football/teams/416.png,1156,Kras Stadion,Sportlaan 10,Volendam,6984,artificial turf,https://media-3.api-sports.io/football/venues/1156.png,52.494383549999995,5.066279237270855,White,White
88,417,Waalwijk,WAA,Netherlands,1940,False,https://media-1.api-sports.io/football/teams/417.png,1144,Mandemakers Stadion,Akkerlaan 2,Waalwijk,7508,artificial turf,https://media-3.api-sports.io/football/venues/1144.png,51.686587,5.088832904796764,Yellow,Blue
88,419,Almere City FC,ALM,Netherlands,1932,False,https://media-2.api-sports.io/football/teams/419.png,1141,Yanmar Stadion,Competitieweg 20,Almere,4501,grass,https://media-2.api-sports.io/football/venues/1141.png,52.39441035,5.240473080536656,White,White
88,426,Sparta Rotterdam,SPA,Netherlands,1888,False,https://media-1.api-sports.io/football/teams/426.png,10505,Sparta-Stadion Het Kasteel,Spartapark Noord 1,Rotterdam,11026,artificial turf,https://media-1.api-sports.io/football/venues/10505.png,51.9194555,4.433550650698857,Red,Gold
94,211,Benfica,BEN,Portugal,1904,False,https://media-2.api-sports.io/football/teams/211.png,1265,Estádio do Sport Lisboa e Benfica (da Luz),Rua José Maria Nicolau,Lisboa,65647,grass,https://media-3.api-sports.io/football/venues/1265.png,38.738026950000005,-9.195298604626885,Red,Gold
94,212,FC Porto,POR,Portugal,1893,False,https://media-2.api-sports.io/football/teams/212.png,1286,Estádio Do Dragão,Via Futebol Clube do Porto,Porto,50399,grass,https://media-2.api-sports.io/football/venues/1286.png,41.1617848,-8.584782861549748,Blue,Red
94,215,Moreirense,MOR,Portugal,NOTFOUND,False,https://media-1.api-sports.io/football/teams/215.png,1280,Parque Desportivo Comendador Joaquim de Almeida Freitas,Avenida Comendador Joaquim de Almeida Freitas,Moreira de Cónegos,13000,grass,https://media-2.api-sports.io/football/venues/1280.png,41.377986500000006,-8.354531807496363,Gold,Green
94,216,Portimonense,POR,Portugal,1914,False,https://media-2.api-sports.io/football/teams/216.png,1285,Estádio Municipal de Portimão,Avenida Zeca Afonso Portimão,Portimão,9544,grass,https://media-1.api-sports.io/football/venues/1285.png,37.1356935,-8.539830494534439,Gold,Black
94,217,SC Braga,BRA,Portugal,1921,False,https://media-2.api-sports.io/football/teams/217.png,1291,Estádio Municipal de Braga,Avenida do Estádio,Braga,30286,grass,https://media-2.api-sports.io/football/venues/1291.png,41.56249955,-8.429867703056743,Red,Gold
94,222,Boavista,NOTFOUND,Portugal,1903,False,https://media-3.api-sports.io/football/teams/222.png,1267,Estádio do Bessa Século XXI,"Rua O Primeiro de Janeiro, Boavista",Porto,28263,grass,https://media-1.api-sports.io/football/venues/1267.png,41.1621038,-8.641686822373488,Gold,Red
94,223,Chaves,CHA,Portugal,1949,False,https://media-2.api-sports.io/football/teams/223.png,1273,Estádio Municipal Eng. Manuel Branco Teixeira,Avenida do Estádio Municipal,Chaves,12000,grass,https://media-2.api-sports.io/football/venues/1273.png,41.712473,-7.5418832,White,White
94,224,Guimaraes,GUI,Portugal,1922,False,https://media-2.api-sports.io/football/teams/224.png,1295,Estádio Dom Afonso Henriques,Rua de São Gonçalo 505,Guimarães,30165,grass,https://media-2.api-sports.io/football/venues/1295.png,41.4458497,-8.30095481834734,Red,Gold
94,226,Rio Ave,RIO,Portugal,1939,False,https://media-3.api-sports.io/football/teams/226.png,1288,Estádio do Rio Ave Futebol Clube,Rua Dona Maria Pães Ribeiro,Vila do Conde,12815,grass,https://media-2.api-sports.io/football/venues/1288.png,41.3627496,-8.74014568502836,Gold,Yellow
94,228,Sporting CP,SPO,Portugal,1906,False,https://media-1.api-sports.io/football/teams/228.png,1293,Estádio José Alvalade,Rua Professor Fernando da Fonseca,Lisboa,50466,grass,https://media-1.api-sports.io/football/venues/1293.png,38.76125745,-9.160795109759835,Green,Gold
94,230,Estoril,EST,Portugal,1939,False,https://media-1.api-sports.io/football/teams/230.png,1274,Estádio António Coimbra da Mota,Rua Dom Bosco,Estoril,8015,grass,https://media-3.api-sports.io/football/venues/1274.png,38.7158137,-9.406400053904246,White,White
94,231,Farense,FAR,Portugal,1910,False,https://media-2.api-sports.io/football/teams/231.png,1290,Estádio de São Lúis,Rua do Sporting Club Farense,Faro,12000,grass,https://media-3.api-sports.io/football/venues/1290.png,37.022885200000005,-7.928272182120652,White,White
94,240,Arouca,ARO,Portugal,1951,False,https://media-2.api-sports.io/football/teams/240.png,1275,Estádio Municipal de Arouca,Afonso Pinto Magalhães Valdasna,Arouca,7000,grass,https://media-3.api-sports.io/football/venues/1275.png,40.93229205,-8.250430879373003,White,White
94,242,Famalicao,FAM,Portugal,1931,False,https://media-2.api-sports.io/football/teams/242.png,1276,Estádio Municipal 22 de Junho,Alameda dos Bargos,Vila Nova de Famalicão,8000,grass,https://media-1.api-sports.io/football/venues/1276.png,41.401383,-8.52244,Navy,Blue
94,762,GIL Vicente,VIC,Portugal,1924,False,https://media-3.api-sports.io/football/teams/762.png,2811,Estádio Cidade de Barcelos,"strada Nacional 103, Vila Boa",Barcelos,12046,grass,https://media-3.api-sports.io/football/venues/2811.png,41.55109675,-8.622913409449957,Navy,Blue
94,810,Vizela,VIZ,Portugal,1939,False,https://media-1.api-sports.io/football/teams/810.png,2817,Estádio Do Vizela,NOTFOUND,Caldas de Vizela,6565,grass,https://media-1.api-sports.io/football/venues/2817.png,41.37934115,-8.312696591704754,White,White
94,4716,Casa Pia,CAS,Portugal,1920,False,https://media-1.api-sports.io/football/teams/4716.png,1262,Estádio Nacional,Rua Monsanto,"Jamor, Oeiras",38000,grass,https://media-2.api-sports.io/football/venues/1262.png,38.7087907,-9.260590553990305,White,White
94,15130,Estrela,NOTFOUND,Portugal,2018,False,https://media-1.api-sports.io/football/teams/15130.png,19187,Estádio José Gomes,Alameda Bonifácio Lázaro Lozano,Amadora,9288,grass,https://media-2.api-sports.io/football/venues/19187.png,38.7520472,-9.227919799999999,White,White
140,529,Barcelona,BAR,Spain,1899,False,https://media-2.api-sports.io/football/teams/529.png,19939,Estadi Olímpic Lluís Companys,Carrer de l'Estadi,Barcelona,55926,grass,https://media-1.api-sports.io/football/venues/19939.png,41.36472,2.155645096956145,Gold,Burgundy
140,530,Atletico Madrid,MAD,Spain,1903,False,https://media-1.api-sports.io/football/teams/530.png,19217,Estádio Cívitas Metropolitano,Rosas,Madrid,68456,grass,https://media-2.api-sports.io/football/venues/19217.png,40.3756938,-3.7422328,Navy,Blue
140,531,Athletic Club,BIL,Spain,1898,False,https://media-3.api-sports.io/football/teams/531.png,1460,San Mamés Barria,Rafael Moreno Pitxitxi Kalea,Bilbao,53289,grass,https://media-1.api-sports.io/football/venues/1460.png,43.26420400000001,-2.94939145292929,Red,Black
140,532,Valencia,VAL,Spain,1919,False,https://media-2.api-sports.io/football/teams/532.png,1497,Estadio de Mestalla,Avenida de Suecia,Valencia,55000,grass,https://media-1.api-sports.io/football/venues/1497.png,39.33420575,-0.7973474394744401,Red,Yellow
140,533,Villarreal,VIL,Spain,1923,False,https://media-1.api-sports.io/football/teams/533.png,1498,Estadio de la Cerámica,Plaza Labrador,Villarreal,24500,grass,https://media-3.api-sports.io/football/venues/1498.png,39.944182,-0.10329498167524342,Blue,Gold
140,534,Las Palmas,PAL,Spain,1949,False,https://media-2.api-sports.io/football/teams/534.png,1481,Estadio de Gran Canaria,Avenida Pío XII 29,Las Palmas de Gran Canaria,32392,grass,https://media-3.api-sports.io/football/venues/1481.png,28.1002336,-15.456724730067497,Yellow,Blue
140,536,Sevilla,SEV,Spain,1890,False,https://media-3.api-sports.io/football/teams/536.png,1494,Estadio Ramón Sánchez Pizjuán,Avenida de Eduardo Dato,Sevilla,48649,grass,https://media-1.api-sports.io/football/venues/1494.png,37.3840876,-5.970630902457186,Red,Gold
140,538,Celta Vigo,CEL,Spain,1923,False,https://media-3.api-sports.io/football/teams/538.png,1467,Abanca-Balaídos,Avenida de Balaídos,Vigo,31800,grass,https://media-3.api-sports.io/football/venues/1467.png,42.2117805,-8.739714914064972,Red,Blue
140,541,Real Madrid,REA,Spain,1902,False,https://media-2.api-sports.io/football/teams/541.png,1456,Estadio Santiago Bernabéu,"Avenida de Concha Espina 1, Chamartín",Madrid,85454,grass,https://media-3.api-sports.io/football/venues/1456.png,40.4530321,-3.6875478367596672,Gold,Blue
140,542,Alaves,ALA,Spain,1921,False,https://media-3.api-sports.io/football/teams/542.png,1470,Estadio de Mendizorroza,Paseo de Cervantes,Vitoria-Gasteiz,19840,grass,https://media-2.api-sports.io/football/venues/1470.png,42.8374211,-2.690898318745928,Navy,Blue
140,543,Real Betis,BET,Spain,1907,False,https://media-3.api-sports.io/football/teams/543.png,1489,Estadio Benito Villamarín,Avenida de Heliópolis,Sevilla,60721,grass,https://media-3.api-sports.io/football/venues/1489.png,37.356535449999996,-5.981756556248882,Green,Red
140,546,Getafe,GET,Spain,1983,False,https://media-2.api-sports.io/football/teams/546.png,1476,Coliseum Alfonso Pérez,Avenida de Teresa de Calcuta,Getafe,17393,grass,https://media-2.api-sports.io/football/venues/1476.png,40.325724699999995,-3.7149326452090587,Blue,Red
140,547,Girona,GIR,Spain,1930,False,https://media-3.api-sports.io/football/teams/547.png,1478,Estadi Municipal de Montilivi,Avenida Montlivi 141,Girona,14500,grass,https://media-1.api-sports.io/football/venues/1478.png,41.961169850000005,2.828979590009981,Red,White
140,548,Real Sociedad,RSO,Spain,1909,False,https://media-1.api-sports.io/football/teams/548.png,1491,Reale Arena,Paseo de Anoeta 1,Donostia-San Sebastián,39500,grass,https://media-2.api-sports.io/football/venues/1491.png,43.30136895,-1.9735590185195377,Blue,Gold
140,715,Granada CF,GRA,Spain,1931,False,https://media-2.api-sports.io/football/teams/715.png,1479,Estadio Nuevo Los Cármenes,Calle Pintor Manuel Maldonado,Granada,23156,grass,https://media-2.api-sports.io/football/venues/1479.png,37.153007599999995,-3.5958652347073903,Red,White
140,723,Almeria,ALM,Spain,1989,False,https://media-1.api-sports.io/football/teams/723.png,19216,Power Horse Stadium – Estadio de los Juegos Mediterráneos,Calle de Belladona,Almería,21350,grass,https://media-2.api-sports.io/football/venues/19216.png,36.8414197,-2.4628135,Red,White
140,724,Cadiz,CAD,Spain,1910,False,https://media-2.api-sports.io/football/teams/724.png,11915,Estadio Nuevo Mirandilla,Plaza de Madrid,Cádiz,22000,grass,https://media-1.api-sports.io/football/venues/11915.png,36.50269035,-6.273702523854899,Yellow,Blue
140,727,Osasuna,OSA,Spain,1920,False,https://media-2.api-sports.io/football/teams/727.png,1486,Estadio El Sadar,Carretera El Sadar,Iruñea,23576,grass,https://media-1.api-sports.io/football/venues/1486.png,42.7966454,-1.6370615999999973,Blue,Red
140,728,Rayo Vallecano,RAY,Spain,1924,False,https://media-3.api-sports.io/football/teams/728.png,1488,Estadio de Vallecas,Calle Payaso Fofó,Madrid,15500,grass,https://media-3.api-sports.io/football/venues/1488.png,40.391832199999996,-3.658584749999993,Red,White
140,798,Mallorca,MAL,Spain,1916,False,https://media-1.api-sports.io/football/teams/798.png,19940,Estadi Mallorca Son Moix,Camí dels Reis,Palma de Mallorca,23142,grass,https://media-3.api-sports.io/football/venues/19940.png,39.589935049999994,2.6301158329443606,Red,Yellow
179,247,Celtic,CEL,Scotland,1888,False,https://media-2.api-sports.io/football/teams/247.png,1386,Celtic Park,18 Kerrydale Street,Glasgow,60832,grass,https://media-1.api-sports.io/football/venues/1386.png,55.8497578,-4.205468869948476,Green,White
179,249,Hibernian,HIB,Scotland,1875,False,https://media-3.api-sports.io/football/teams/249.png,1394,Easter Road Stadium,12 Albion Place,Edinburgh,20421,grass,https://media-1.api-sports.io/football/venues/1394.png,55.9616856,-3.1651677730061154,Green,White
179,250,Kilmarnock,KIL,Scotland,1869,False,https://media-3.api-sports.io/football/teams/250.png,19215,The BBSP Stadium Rugby Park,Rugby Road,Kilmarnock,18128,artificial turf,https://media-1.api-sports.io/football/venues/19215.png,55.6114801,-4.5332543,Blue,White
179,251,ST Mirren,MIR,Scotland,1877,False,https://media-3.api-sports.io/football/teams/251.png,11913,The SMISA Stadium,Greenhill Road,Paisley,8016,grass,https://media-1.api-sports.io/football/venues/11913.png,55.850534350000004,-4.444205372848037,Black,White
179,252,Aberdeen,ABE,Scotland,1903,False,https://media-3.api-sports.io/football/teams/252.png,1383,Pittodrie Stadium,Pittodrie Street,Aberdeen,22199,grass,https://media-2.api-sports.io/football/venues/1383.png,57.159278799999996,-2.088559640962622,Red,White
179,253,Dundee,DUN,Scotland,1893,False,https://media-2.api-sports.io/football/teams/253.png,1387,Kilmac Stadium at Dens Park,Sandeman Street,Dundee,12085,grass,https://media-1.api-sports.io/football/venues/1387.png,56.474605499999996,-2.9736261756304496,Blue,Red
179,254,Heart OF Midlothian,HEA,Scotland,1874,False,https://media-3.api-sports.io/football/teams/254.png,1393,Tynecastle Park,Gorgie Road,Edinburgh,20099,grass,https://media-2.api-sports.io/football/venues/1393.png,55.93901965,-3.2322708723891225,Maroon,Gold
179,255,Livingston,LIV,Scotland,1943,False,https://media-1.api-sports.io/football/teams/255.png,1397,Tony Macaroni Arena,Almondvale Stadium Road,Livingston,9672,grass,https://media-3.api-sports.io/football/venues/1397.png,55.8859826,-3.52200918192825,Yellow,White
179,256,Motherwell,MOT,Scotland,1886,False,https://media-2.api-sports.io/football/teams/256.png,1398,Fir Park,Fir Park Street,Motherwell,13742,grass,https://media-3.api-sports.io/football/venues/1398.png,55.7804229,-3.980255627911692,Maroon,Yellow
179,257,Rangers,RAN,Scotland,1873,False,https://media-2.api-sports.io/football/teams/257.png,1401,Ibrox Stadium,150 Edmiston Drive,Glasgow,51082,grass,https://media-1.api-sports.io/football/venues/1401.png,55.853226649999996,-4.309214640621265,Royal,Blue
179,258,ST Johnstone,JOH,Scotland,1885,False,https://media-1.api-sports.io/football/teams/258.png,1403,McDiarmid Park,Crieff Road,Perth,10673,grass,https://media-3.api-sports.io/football/venues/1403.png,56.409870850000004,-3.4768940348432427,Blue,Yellow
179,902,Ross County,ROS,Scotland,1929,False,https://media-2.api-sports.io/football/teams/902.png,1402,Global Energy Stadium,Jubilee Road,Dingwall,6698,grass,https://media-2.api-sports.io/football/venues/1402.png,57.5957581,-4.419075037152583,Navy,Blue
180,901,Partick,PAR,Scotland,1876,False,https://media-2.api-sports.io/football/teams/901.png,19938,Wyre Stadium at Firhill,80 Firhill Road,Glasgow,13079,grass,https://media-3.api-sports.io/football/venues/19938.png,55.8714897,-4.3087197,Red,Yellow
180,903,Inverness CT,INV,Scotland,1994,False,https://media-1.api-sports.io/football/teams/903.png,1395,Tulloch Caledonian Stadium,East Longman,Inverness,7918,grass,https://media-2.api-sports.io/football/venues/1395.png,57.49499995,-4.2173609178766505,Blue,Red
180,1383,Morton,MOR,Scotland,1874,False,https://media-1.api-sports.io/football/teams/1383.png,1391,Cappielow Park,Sinclair Street,Greenock,11612,grass,https://media-2.api-sports.io/football/venues/1391.png,55.94122875,-4.727030782924528,White,White
180,1385,Raith Rovers,RAI,Scotland,1883,False,https://media-3.api-sports.io/football/teams/1385.png,2907,Stark's Park,Pratt Street,Kirkcaldy,10104,grass,https://media-2.api-sports.io/football/venues/2907.png,56.099775050000005,-3.1684282806344712,White,White
180,1386,Dundee Utd,DUN,Scotland,1909,False,https://media-1.api-sports.io/football/teams/1386.png,1388,Tannadice Park,Tannadice Street,Dundee,14209,grass,https://media-3.api-sports.io/football/venues/1388.png,56.47458035,-2.9690462572946066,White,White
180,1387,Ayr Utd,AYR,Scotland,1910,False,https://media-3.api-sports.io/football/teams/1387.png,1385,Somerset Park,Somerset Road,Ayr,10128,grass,https://media-1.api-sports.io/football/venues/1385.png,55.469746150000006,-4.61997562507614,White,White
180,1388,Dunfermline,DUN,Scotland,1885,False,https://media-1.api-sports.io/football/teams/1388.png,19936,KDM Group East End Park,Halbeath Road,Dunfermline,11998,grass,https://media-2.api-sports.io/football/venues/19936.png,56.076531700000004,-3.4684733313382896,White,White
180,4249,Arbroath,ARB,Scotland,1878,False,https://media-3.api-sports.io/football/teams/4249.png,3244,Gayfield Park,Queens Drive,Arbroath,6600,grass,https://media-2.api-sports.io/football/venues/3244.png,56.5523362,-2.591480065426758,White,White
180,4668,Airdrie United,AIR,Scotland,2002,False,https://media-3.api-sports.io/football/teams/4668.png,19749,Excelsior Stadium,Craigneuk Avenue,Airdrie,10171,artificial turf,https://media-2.api-sports.io/football/venues/19749.png,55.8602667,-3.960112677639227,White,White
180,6778,Queen's Park,QUE,Scotland,1867,False,https://media-3.api-sports.io/football/teams/6778.png,2617,Hampden Park,Letherby Drive,Glasgow,52500,grass,https://media-3.api-sports.io/football/venues/2617.png,55.82574505,-4.251978794467953,White,White
